Word,Frequency,Probability
000,1,0.00005
1,58,0.00267
100,3,0.00014
12,3,0.00014
1500,1,0.00005
1596,1,0.00005
15th,3,0.00014
1646,1,0.00005
1650,1,0.00005
1685,1,0.00005
16th,2,0.00009
1711,1,0.00005
1716,1,0.00005
1724,1,0.00005
1753,1,0.00005
1770,1,0.00005
1804,1,0.00005
1831,1,0.00005
1887,1,0.00005
1912,1,0.00005
2,12,0.00055
20,1,0.00005
2001,1,0.00005
2004,1,0.00005
2019,1,0.00005
3,12,0.00055
30,1,0.00005
4,5,0.00023
5,7,0.00032
50,1,0.00005
501,1,0.00005
5827,1,0.00005
596,1,0.00005
6,2,0.00009
60,1,0.00005
6221541,1,0.00005
64,1,0.00005
7,5,0.00023
76,1,0.00005
8,4,0.00018
801,1,0.00005
809,1,0.00005
84116,1,0.00005
9,3,0.00014
90,2,0.00009
_a,56,0.00258
_a_,5,0.00023
_absolutely_,1,0.00005
_acquaintance_,5,0.00023
_act_,1,0.00005
_ad,1,0.00005
_all,1,0.00005
_all_,5,0.00023
_almost_,1,0.00005
_always_,2,0.00009
_answer_,1,0.00005
_any_,1,0.00005
_apparent_,1,0.00005
_are_,1,0.00005
_as,1,0.00005
_asking_,1,0.00005
_be_,1,0.00005
_before_,1,0.00005
_believing_,1,0.00005
_brotherhood_,1,0.00005
_cause_,2,0.00009
_causes_,1,0.00005
_causing_,1,0.00005
_certainly_,1,0.00005
_cogito,1,0.00005
_coherence_,2,0.00009
_conceiving_,1,0.00005
_concept_,1,0.00005
_connaître_,1,0.00005
_connected_,1,0.00005
_constituents_,1,0.00005
_correspondence,1,0.00005
_correspondence_,1,0.00005
_corresponding_,2,0.00009
_corresponds_,1,0.00005
_could_,1,0.00005
_create_,1,0.00005
_criterion_,1,0.00005
_criticism_,1,0.00005
_deduction_,1,0.00005
_definition_,2,0.00009
_degree_,1,0.00005
_derivative_,2,0.00009
_describe_,1,0.00005
_description_,3,0.00014
_directly_,1,0.00005
_disproved_,1,0.00005
_diversity_,1,0.00005
_doubt_,1,0.00005
_each_,1,0.00005
_empirical_,1,0.00005
_enquiry,1,0.00005
_error_,3,0.00014
_esse_,1,0.00005
_ethics_,1,0.00005
_every,1,0.00005
_evidence_,1,0.00005
_exactly_,1,0.00005
_exist_,3,0.00014
_existence_,2,0.00009
_existing_,1,0.00005
_fact,1,0.00005
_fact_,2,0.00009
_false_,2,0.00009
_falsely_,1,0.00005
_feeling_,1,0.00005
_have,1,0.00005
_here_,1,0.00005
_his_,2,0.00009
_i_,1,0.00005
_if_,4,0.00018
_immediately_,3,0.00014
_implies_,1,0.00005
_in,3,0.00014
_in_,1,0.00005
_induction_,1,0.00005
_instinctive_,1,0.00005
_intend_,1,0.00005
_introduction,1,0.00005
_introspection_,1,0.00005
_intuitive_,2,0.00009
_is_,8,0.00037
_jealousy_,1,0.00005
_judge_,1,0.00005
_judgements_,1,0.00005
_judging_,1,0.00005
_julius,2,0.00009
_justice_,2,0.00009
_kennen_,1,0.00005
_kind_,1,0.00005
_know_,5,0.00023
_knowledge_,2,0.00009
_known_,2,0.00009
_light_,2,0.00009
_likely_,1,0.00005
_logical_,1,0.00005
_logically_,2,0.00009
_look_,1,0.00005
_man_,3,0.00014
_may_,1,0.00005
_mean_,2,0.00009
_meaning_,2,0.00009
_meditations_,1,0.00005
_memory_,2,0.00009
_men_,1,0.00005
_mere_,1,0.00005
_might_,1,0.00005
_monad_,1,0.00005
_monadism_,1,0.00005
_monism_,1,0.00005
_mortal_,2,0.00009
_mortality_,1,0.00005
_must_,6,0.00028
_new_,1,0.00005
_no_,1,0.00005
_not_,2,0.00009
_now_,1,0.00005
_object,2,0.00009
_object_,2,0.00009
_objects_,3,0.00014
_of_,3,0.00014
_one_,1,0.00005
_only_,2,0.00009
_order_,2,0.00009
_our_,1,0.00005
_particular_,1,0.00005
_perception_,1,0.00005
_percipi_,1,0.00005
_possibility_,1,0.00005
_possible_,1,0.00005
_practical_,1,0.00005
_principle,1,0.00005
_private_,1,0.00005
_probable,1,0.00005
_probable_,2,0.00009
_probably_,3,0.00014
_product_,1,0.00005
_prolegomena,1,0.00005
_prove_,1,0.00005
_proved_,1,0.00005
_qualities_,2,0.00009
_quite_,1,0.00005
_reason_,1,0.00005
_relations_,4,0.00018
_republic_,1,0.00005
_resemblance_,1,0.00005
_round_,1,0.00005
_savoir_,1,0.00005
_seems_,1,0.00005
_self,2,0.00009
_self_,2,0.00009
_signs_,1,0.00005
_similarity_,1,0.00005
_some_,5,0.00023
_something_,1,0.00005
_space_,1,0.00005
_subject_,1,0.00005
_subsist_,1,0.00005
_test_,1,0.00005
_that_,1,0.00005
_the,4,0.00018
_the_,2,0.00009
_theoretical_,1,0.00005
_things_,2,0.00009
_think_,4,0.00018
_this_,1,0.00005
_thought_,3,0.00014
_three,2,0.00009
_triangularity_,1,0.00005
_true_,6,0.00028
_truly_,2,0.00009
_truth_,1,0.00005
_truths_,3,0.00014
_typical_,1,0.00005
_understand_,1,0.00005
_universal_,1,0.00005
_universals_,1,0.00005
_whiteness_,3,0.00014
_wissen_,1,0.00005
abandon,2,0.00009
abide,1,0.00005
able,13,0.00060
abroad,1,0.00005
absence,2,0.00009
absent,3,0.00014
absolute,15,0.00069
absolutely,3,0.00014
abstain,1,0.00005
abstract,10,0.00046
abstracted,1,0.00005
abstraction,4,0.00018
abstractions,1,0.00005
abstractly,1,0.00005
absurd,5,0.00023
absurdities,1,0.00005
absurdity,3,0.00014
accept,3,0.00014
acceptance,1,0.00005
accepted,4,0.00018
accepting,4,0.00018
accepts,1,0.00005
access,10,0.00046
accessed,1,0.00005
accessible,1,0.00005
accident,1,0.00005
accidental,1,0.00005
accidents,1,0.00005
accompanied,1,0.00005
accord,1,0.00005
accordance,6,0.00028
according,15,0.00069
account,18,0.00083
accounted,4,0.00018
accounting,1,0.00005
accurate,1,0.00005
accusative,1,0.00005
accustomed,2,0.00009
achieve,1,0.00005
achieved,4,0.00018
achieves,1,0.00005
acquaintance,78,0.00359
acquainted,71,0.00327
acquainted_,1,0.00005
acquiesce,1,0.00005
acquiescence,1,0.00005
acquire,5,0.00023
acquired,2,0.00009
acquiring,2,0.00009
acquisition,1,0.00005
act,19,0.00087
action,4,0.00018
actions,2,0.00009
active,2,0.00009
activity,1,0.00005
acts,4,0.00018
actual,28,0.00129
actually,10,0.00046
acute,1,0.00005
adapts,1,0.00005
adding,1,0.00005
addition,8,0.00037
additional,3,0.00014
additions,2,0.00009
address,1,0.00005
addresses,1,0.00005
adduced,1,0.00005
adequacy,1,0.00005
adequate,2,0.00009
adequately,1,0.00005
adjectives,5,0.00023
admirable,1,0.00005
admission,2,0.00009
admit,14,0.00064
admits,2,0.00009
admitted,6,0.00028
admitting,1,0.00005
admixture,1,0.00005
adopt,6,0.00028
advance,4,0.00018
advanced,3,0.00014
advances,1,0.00005
adversaries,1,0.00005
advocate,1,0.00005
advocated,6,0.00028
advocates,1,0.00005
advocating,1,0.00005
aeroplanes,2,0.00009
aesthetic,1,0.00005
aether,1,0.00005
af,1,0.00005
affairs,1,0.00005
affections,1,0.00005
affirm,2,0.00009
affirmative,1,0.00005
affirmed,2,0.00009
afford,3,0.00014
afforded,1,0.00005
affords,2,0.00009
afterwards,2,0.00009
age,4,0.00018
aged,1,0.00005
agent,1,0.00005
ago,6,0.00028
agree,12,0.00055
agreeably,1,0.00005
agreed,5,0.00023
agreement,19,0.00087
aim,1,0.00005
aimed,1,0.00005
aims,3,0.00014
air,5,0.00023
akin,1,0.00005
alien,1,0.00005
alive,2,0.00009
allow,2,0.00009
allowed,1,0.00005
allowing,1,0.00005
allows,1,0.00005
almost,17,0.00078
alone,11,0.00051
along,6,0.00028
already,14,0.00064
also,51,0.00235
alter,2,0.00009
alteration,1,0.00005
altered,1,0.00005
alternate,1,0.00005
alternatives,1,0.00005
alters,1,0.00005
although,28,0.00129
altogether,5,0.00023
always,26,0.00120
ambiguity,3,0.00014
ambiguous,6,0.00028
ambitious,1,0.00005
amend,1,0.00005
among,22,0.00101
amount,4,0.00018
amply,1,0.00005
analogous,1,0.00005
analyse,1,0.00005
analyses,1,0.00005
analysing,2,0.00009
analysis,8,0.00037
analytic,6,0.00028
anatomist,1,0.00005
angles,3,0.00014
animal,1,0.00005
animals,6,0.00028
announce,2,0.00009
announcement,1,0.00005
announces,2,0.00009
another,26,0.00120
answer,27,0.00124
answered,2,0.00009
answering,3,0.00014
answers,11,0.00051
anticipate,1,0.00005
anticipating,1,0.00005
anticipation,1,0.00005
antithesis,3,0.00014
anxious,2,0.00009
anybody,3,0.00014
anybody's,1,0.00005
anyone,5,0.00023
anything,40,0.00184
anywhere,3,0.00014
apart,10,0.00046
apparent,13,0.00060
apparently,2,0.00009
appeal,4,0.00018
appealing,2,0.00009
appear,16,0.00074
appearance,15,0.00069
appearances,1,0.00005
appeared,5,0.00023
appearing,1,0.00005
appears,17,0.00078
appetite,1,0.00005
applicable,12,0.00055
application,1,0.00005
applications,3,0.00014
applied,1,0.00005
applies,17,0.00078
apply,9,0.00041
applying,2,0.00009
apportions,1,0.00005
apprehend,3,0.00014
apprehended,10,0.00046
apprehending,2,0.00009
apprehends,1,0.00005
apprehension,3,0.00014
approach,5,0.00023
approaches,1,0.00005
approaching,1,0.00005
apt,5,0.00023
archive,13,0.00060
arduous,1,0.00005
argue,5,0.00023
argued,2,0.00009
argues,1,0.00005
arguing,1,0.00005
argument,26,0.00120
arguments,16,0.00074
arise,9,0.00041
arises,4,0.00018
arithmetic,11,0.00051
arithmetical,3,0.00014
arm,3,0.00014
arose,1,0.00005
arrange,1,0.00005
arranged,2,0.00009
arrangement,3,0.00014
array,1,0.00005
arrive,7,0.00032
arrived,1,0.00005
arriving,1,0.00005
arrogant,1,0.00005
artificial,1,0.00005
ascertain,2,0.00009
ascertainable,2,0.00009
ascertained,1,0.00005
ascii,2,0.00009
ask,12,0.00055
asked,4,0.00018
asking,3,0.00014
asks,1,0.00005
aspect,2,0.00009
assassinated,1,0.00005
assent,2,0.00009
assented,1,0.00005
assert,7,0.00032
asserted,2,0.00009
asserting,3,0.00014
assertion,6,0.00028
asserts,7,0.00032
assigns,1,0.00005
assimilate,1,0.00005
assist,1,0.00005
assistance,3,0.00014
associate,2,0.00009
associated,23,0.00106
association,10,0.00046
associations,2,0.00009
assume,10,0.00046
assumed,4,0.00018
assumes,3,0.00014
assuming,6,0.00028
assumption,2,0.00009
assumptions,1,0.00005
assurance,1,0.00005
assure,1,0.00005
assured,1,0.00005
astray,1,0.00005
astronomy,2,0.00009
astute,4,0.00018
ate,1,0.00005
atheists_,1,0.00005
atoms,1,0.00005
attach,2,0.00009
attached,1,0.00005
attack,1,0.00005
attain,1,0.00005
attainable,1,0.00005
attained,3,0.00014
attempt,16,0.00074
attempted,2,0.00009
attempts,4,0.00018
attendant,2,0.00009
attention,5,0.00023
attested,1,0.00005
attitude,1,0.00005
attributing,1,0.00005
author,1,0.00005
available,2,0.00009
avoid,5,0.00023
avoided,1,0.00005
avoiding,1,0.00005
aware,24,0.00110
awareness,3,0.00014
away,7,0.00032
axioms,3,0.00014
b,26,0.00120
babies,1,0.00005
back,5,0.00023
backward,1,0.00005
backwards,1,0.00005
bad,3,0.00014
bald,3,0.00014
baldness,1,0.00005
balfour,2,0.00009
balloons,2,0.00009
banging,1,0.00005
bannerman,1,0.00005
bar,1,0.00005
bare,2,0.00009
barrier,1,0.00005
based,14,0.00064
basis,8,0.00037
battle,3,0.00014
bear,2,0.00009
bearing,2,0.00009
became,1,0.00005
become,36,0.00166
becomes,19,0.00087
becoming,1,0.00005
bed,1,0.00005
beech,10,0.00046
beg,1,0.00005
began,6,0.00028
begging,1,0.00005
begin,18,0.00083
beginner,1,0.00005
beginning,4,0.00018
begins,2,0.00009
begs,1,0.00005
begun,1,0.00005
behave,1,0.00005
behaviour,1,0.00005
behind,2,0.00009
being_,1,0.00005
beings,6,0.00028
beleagured,1,0.00005
belief,99,0.00455
belief_,1,0.00005
beliefs,50,0.00230
believe,47,0.00216
believed,13,0.00060
believes,18,0.00083
believing,23,0.00106
bell,1,0.00005
bells,2,0.00009
belong,3,0.00014
belongs,9,0.00041
berkeley,21,0.00097
berkeley's,5,0.00023
bertrand,3,0.00014
besides,4,0.00018
best,6,0.00028
better,6,0.00028
bewildering,1,0.00005
beyond,14,0.00064
bibliographical,1,0.00005
bid,1,0.00005
bigger,1,0.00005
binary,1,0.00005
binds,1,0.00005
bishop,2,0.00009
bismarck,15,0.00069
bismarck's,1,0.00005
black,2,0.00009
blank,1,0.00005
blind,13,0.00060
blue,9,0.00041
bodies,8,0.00037
body,25,0.00115
bolder,1,0.00005
bone,1,0.00005
books,4,0.00018
bored,1,0.00005
born,4,0.00018
borne,1,0.00005
bought,2,0.00009
bound,3,0.00014
boundaries,2,0.00009
bounds,1,0.00005
bradley,1,0.00005
brain,2,0.00009
breach,2,0.00009
bread,2,0.00009
breakfast,3,0.00014
brick,1,0.00005
brief,1,0.00005
briefest,1,0.00005
briefly,5,0.00023
brighter,1,0.00005
brightness,1,0.00005
bring,3,0.00014
brings,2,0.00009
british,1,0.00005
broadly,4,0.00018
broken,1,0.00005
brought,4,0.00018
brown,14,0.00064
build,1,0.00005
builder,1,0.00005
buildings,1,0.00005
built,2,0.00009
business,6,0.00028
buy,2,0.00009
c,6,0.00028
c's,1,0.00005
c3,1,0.00005
caesar,4,0.00018
caesar_,2,0.00009
calculate,1,0.00005
calculated,1,0.00005
call,28,0.00129
called,49,0.00225
calling,2,0.00009
calls,5,0.00023
calm,1,0.00005
calmly,2,0.00009
came,3,0.00014
campbell,1,0.00005
camps,1,0.00005
candid,1,0.00005
candidate,7,0.00032
candidates,2,0.00009
cannot,89,0.00409
cantor,1,0.00005
capable,16,0.00074
card,1,0.00005
care,6,0.00028
careful,1,0.00005
carefully,2,0.00009
carelessly,1,0.00005
carry,1,0.00005
case,67,0.00308
cases,39,0.00179
cassio,28,0.00129
cat,5,0.00023
catalogue,1,0.00005
catalogued,1,0.00005
catching,1,0.00005
categories,1,0.00005
causality,2,0.00009
cause,17,0.00078
caused,5,0.00023
causes,6,0.00028
causing,1,0.00005
cease,4,0.00018
ceased,4,0.00018
ceases,5,0.00023
cement,3,0.00014
centuries,1,0.00005
century,1,0.00005
certain,91,0.00419
certainly,9,0.00041
certainty,32,0.00147
cf,1,0.00005
chair,2,0.00009
chairs,2,0.00009
challenged,2,0.00009
chance,1,0.00005
chancellor,4,0.00018
change,5,0.00023
changeable,1,0.00005
changed,1,0.00005
changes,1,0.00005
changing,2,0.00009
chapter,47,0.00216
chapters,5,0.00023
character,5,0.00023
characteristic,6,0.00028
characteristics,9,0.00041
characters,2,0.00009
charge,6,0.00028
charges,2,0.00009
charitable,1,0.00005
charities,1,0.00005
charles,5,0.00023
check,4,0.00018
checks,1,0.00005
chicken,4,0.00018
chief,6,0.00028
chiefly,2,0.00009
child,1,0.00005
chimaera,1,0.00005
chime,3,0.00014
china,2,0.00009
choice,1,0.00005
choose,3,0.00014
chosen,1,0.00005
circle,4,0.00018
circular,4,0.00018
circumstances,6,0.00028
citizens,1,0.00005
citizenship,1,0.00005
city,2,0.00009
claim,5,0.00023
clash,1,0.00005
clashes,1,0.00005
class,5,0.00023
clean,1,0.00005
clear,14,0.00064
clearer,2,0.00009
clearly,3,0.00014
clock,1,0.00005
close,2,0.00009
closed,1,0.00005
closely,2,0.00009
closer,1,0.00005
closes,1,0.00005
cloth,3,0.00014
clouds,1,0.00005
co,1,0.00005
coalesce,1,0.00005
codes,1,0.00005
coexistence,3,0.00014
cohere,1,0.00005
coherence,8,0.00037
coherent,8,0.00037
coin,1,0.00005
coins,1,0.00005
collection,14,0.00064
collections,3,0.00014
collective,1,0.00005
colony,1,0.00005
colour,58,0.00267
colours,12,0.00055
combination,1,0.00005
combine,1,0.00005
combined,2,0.00009
come,22,0.00101
comes,9,0.00041
coming,1,0.00005
commentators,2,0.00009
commercial,1,0.00005
commit,1,0.00005
committed,2,0.00009
common,36,0.00166
commonest,2,0.00009
commonly,10,0.00046
communicate,1,0.00005
community,1,0.00005
comparative,1,0.00005
compare,1,0.00005
compared,1,0.00005
comparing,1,0.00005
comparison,3,0.00014
compelled,5,0.00023
competent,1,0.00005
compilation,1,0.00005
complement,1,0.00005
complete,6,0.00028
completed,1,0.00005
completely,10,0.00046
complex,33,0.00152
compliance,5,0.00023
complicated,3,0.00014
comply,6,0.00028
complying,3,0.00014
composed,6,0.00028
compressed,1,0.00005
computer,2,0.00009
computers,2,0.00009
conceded,2,0.00009
conceivable,1,0.00005
conceivably,1,0.00005
concentrate,1,0.00005
concept,2,0.00009
conception,5,0.00023
concepts,2,0.00009
concern,4,0.00018
concerned,16,0.00074
concerning,38,0.00175
concerns,3,0.00014
concluded,1,0.00005
conclusion,17,0.00078
conclusions,2,0.00009
concourse,1,0.00005
concrete,3,0.00014
condemns,1,0.00005
condition,2,0.00009
conditions,4,0.00018
conduct,1,0.00005
confess,1,0.00005
confidence,3,0.00014
confident,2,0.00009
confine,1,0.00005
confined,6,0.00028
confining,1,0.00005
confirm,2,0.00009
confirmation,1,0.00005
confirmed,1,0.00005
confirms,1,0.00005
conflict,1,0.00005
conform,3,0.00014
conformity,1,0.00005
confused,1,0.00005
confusing,1,0.00005
confusion,8,0.00037
confusions,1,0.00005
confute,1,0.00005
conjecture,1,0.00005
connected,11,0.00051
connecting,1,0.00005
connects,1,0.00005
connexion,19,0.00087
connexions,3,0.00014
conscious,3,0.00014
consciously,2,0.00009
consciousness,8,0.00037
consent,1,0.00005
consequences,1,0.00005
consequential,1,0.00005
consequently,1,0.00005
consider,33,0.00152
considerable,3,0.00014
consideration,7,0.00032
considerations,2,0.00009
considered,14,0.00064
considering,12,0.00055
considers,2,0.00009
consist,4,0.00018
consisted,1,0.00005
consisting,3,0.00014
consists,21,0.00097
constant,5,0.00023
constantly,6,0.00028
constituency,4,0.00018
constituent,4,0.00018
constituents,9,0.00041
constitute,6,0.00028
constituted,6,0.00028
constitutes,5,0.00023
constituting,1,0.00005
constitution,2,0.00009
construct,1,0.00005
constructed,1,0.00005
constructing,1,0.00005
constructions,1,0.00005
constructive,1,0.00005
contact,7,0.00032
contain,10,0.00046
contained,2,0.00009
containing,3,0.00014
contains,4,0.00018
contemplated,1,0.00005
contemplates,3,0.00014
contemplating,1,0.00005
contemplation,13,0.00060
contemplative,1,0.00005
contemptuously,1,0.00005
contended,1,0.00005
content,2,0.00009
contention,1,0.00005
contentions,1,0.00005
contents,3,0.00014
context,2,0.00009
continental,1,0.00005
continual,2,0.00009
continue,6,0.00028
continued,1,0.00005
continues,6,0.00028
continuing,1,0.00005
continuous,1,0.00005
continuously,1,0.00005
contract,1,0.00005
contradict,1,0.00005
contradiction,19,0.00087
contradiction_,1,0.00005
contradictions,5,0.00023
contradictory,5,0.00023
contrary,14,0.00064
contrast,1,0.00005
contributed,1,0.00005
contribution,1,0.00005
contributions,2,0.00009
control,2,0.00009
controversies,2,0.00009
controversy,2,0.00009
convenient,1,0.00005
converged,1,0.00005
conversation,1,0.00005
conversely,2,0.00009
convert,1,0.00005
convey,2,0.00009
convictions,3,0.00014
convinced,2,0.00009
convincing,1,0.00005
cool,1,0.00005
copied,2,0.00009
copies,7,0.00032
copy,12,0.00055
copying,4,0.00018
copyright,20,0.00092
corporation,1,0.00005
correct,4,0.00018
correctly,2,0.00009
correlative,1,0.00005
correspond,8,0.00037
corresponded,1,0.00005
correspondence,10,0.00046
corresponding,12,0.00055
corresponds,5,0.00023
corrupt,1,0.00005
cost,3,0.00014
costs,2,0.00009
could,57,0.00262
counterparts,1,0.00005
countless,1,0.00005
countries,1,0.00005
country,4,0.00018
couple,3,0.00014
couples,7,0.00032
couples_,1,0.00005
course,18,0.00083
cranny,1,0.00005
create,3,0.00014
created,4,0.00018
creates,1,0.00005
creating,4,0.00018
creation,1,0.00005
credit,2,0.00009
criterion,1,0.00005
critical,6,0.00028
critically,2,0.00009
criticism,8,0.00037
criticisms,1,0.00005
criticized,1,0.00005
crude,4,0.00018
crudely,1,0.00005
current,1,0.00005
custom,1,0.00005
customary,1,0.00005
cut,2,0.00009
cutting,1,0.00005
daily,8,0.00037
damage,2,0.00009
damaged,1,0.00005
damages,4,0.00018
danger,1,0.00005
dark,3,0.00014
data,138,0.00635
date,3,0.00014
dates,1,0.00005
datum,23,0.00106
day,9,0.00041
days,5,0.00023
dead,2,0.00009
deal,6,0.00028
dealing,7,0.00032
deals,3,0.00014
dealt,6,0.00028
death,2,0.00009
debate,1,0.00005
debated,1,0.00005
deceitful,1,0.00005
deceive,1,0.00005
december,1,0.00005
deceptive,1,0.00005
decide,3,0.00014
decided,3,0.00014
decides,1,0.00005
deciding,1,0.00005
decision,1,0.00005
declared,1,0.00005
deduce,5,0.00023
deduced,18,0.00083
deducible,2,0.00009
deducing,1,0.00005
deductible,1,0.00005
deduction,5,0.00023
deductions,3,0.00014
deeds,1,0.00005
deeply,1,0.00005
defeated,1,0.00005
defect,4,0.00018
defective,3,0.00014
defects,1,0.00005
defensible,1,0.00005
define,2,0.00009
defined,1,0.00005
definite,19,0.00087
definitely,3,0.00014
definiteness,1,0.00005
definition,16,0.00074
definitions,1,0.00005
degree,20,0.00092
degrees,8,0.00037
deletions,1,0.00005
deliberate,1,0.00005
delightful,1,0.00005
delusion,1,0.00005
demand,4,0.00018
demanding,1,0.00005
demands,3,0.00014
demon,3,0.00014
demonstrably,1,0.00005
demonstration,2,0.00009
demonstrations,2,0.00009
demonstrative,1,0.00005
demonstratively,1,0.00005
denial,3,0.00014
denied,5,0.00023
denies,1,0.00005
denotes,4,0.00018
dentist,1,0.00005
deny,12,0.00055
depend,13,0.00060
dependence,1,0.00005
dependent,9,0.00041
depending,1,0.00005
depends,12,0.00055
derivative,15,0.00069
derive,7,0.00032
derived,17,0.00078
descartes,6,0.00028
descend,1,0.00005
describe,6,0.00028
described,10,0.00046
describes,1,0.00005
describing,1,0.00005
description,45,0.00207
descriptions,9,0.00041
descriptive,1,0.00005
desdemona,25,0.00115
desdemona's,7,0.00032
desert,1,0.00005
deserts,1,0.00005
deserves,1,0.00005
deserving,1,0.00005
designate,1,0.00005
desirability,1,0.00005
desirable,1,0.00005
desire,10,0.00046
desires,5,0.00023
desiring,1,0.00005
desirous,1,0.00005
despite,1,0.00005
destroy,2,0.00009
destroyed,1,0.00005
destroys,1,0.00005
destructive,1,0.00005
detach,1,0.00005
detail,3,0.00014
determine,3,0.00014
determined,3,0.00014
determines,1,0.00005
develop,2,0.00009
development,1,0.00005
developments,1,0.00005
dialogues,2,0.00009
diary,1,0.00005
dictionary,1,0.00005
die,1,0.00005
died,4,0.00018
differ,5,0.00023
difference,11,0.00051
differences,2,0.00009
different,77,0.00354
differently,4,0.00018
differing,3,0.00014
differs,2,0.00009
difficult,23,0.00106
difficulties,7,0.00032
difficulty,14,0.00064
diminish,1,0.00005
diminished,1,0.00005
diminishes,1,0.00005
diminishing,2,0.00009
dined,1,0.00005
dinner,1,0.00005
diplomatist,4,0.00018
direct,9,0.00041
direction,6,0.00028
directions,1,0.00005
directly,12,0.00055
directs,1,0.00005
disappear,1,0.00005
disappoint,1,0.00005
disappointing,1,0.00005
disclaim,1,0.00005
disclaimer,3,0.00014
disclaimers,1,0.00005
discontinue,1,0.00005
discover,5,0.00023
discoverable,4,0.00018
discovered,7,0.00032
discovering,5,0.00023
discovery,2,0.00009
discuss,1,0.00005
discussed,2,0.00009
discussing,4,0.00018
discussion,4,0.00018
discussions,2,0.00009
disease,1,0.00005
disengaged,1,0.00005
disentangle,2,0.00009
disk,1,0.00005
dismiss,1,0.00005
dismissed,2,0.00009
dispassionately,1,0.00005
display,1,0.00005
displayed,1,0.00005
displaying,4,0.00018
disproved,3,0.00014
disputable,1,0.00005
disputants,1,0.00005
dissociated,1,0.00005
distance,3,0.00014
distances,5,0.00023
distinct,3,0.00014
distinction,7,0.00032
distinctions,2,0.00009
distinctive,2,0.00009
distinctly,1,0.00005
distinguish,7,0.00032
distinguished,4,0.00018
distinguishes,1,0.00005
distinguishing,3,0.00014
distort,1,0.00005
distorts,1,0.00005
distribute,6,0.00028
distributed,4,0.00018
distributing,7,0.00032
distribution,8,0.00037
distributor,1,0.00005
disturbance,3,0.00014
diverge,1,0.00005
divest,1,0.00005
divide,1,0.00005
divided,1,0.00005
divisibility,1,0.00005
divisible,2,0.00009
doctrine,4,0.00018
doctrines,2,0.00009
dogmas,1,0.00005
dogmatic,1,0.00005
dogmatically,2,0.00009
dogmatism,1,0.00005
domain,2,0.00009
domestic,2,0.00009
dominion,1,0.00005
donate,5,0.00023
donation,1,0.00005
donations,15,0.00069
done,5,0.00023
donors,1,0.00005
door,2,0.00009
doubt,38,0.00175
doubted,5,0.00023
doubtful,9,0.00041
doubting,5,0.00023
doubtless,1,0.00005
doubts,2,0.00009
downloading,1,0.00005
draw,9,0.00041
drawing,2,0.00009
drawn,1,0.00005
dream,9,0.00041
dreams,12,0.00055
dried,1,0.00005
drifted,1,0.00005
drive,1,0.00005
driven,5,0.00023
drives,1,0.00005
dualism,2,0.00009
due,9,0.00041
duly,1,0.00005
duration,2,0.00009
dwell,3,0.00014
dying,3,0.00014
e,44,0.00202
earlier,4,0.00018
early,1,0.00005
earth,7,0.00032
earth's,2,0.00009
earwig,3,0.00014
easier,2,0.00009
easiest,1,0.00005
easily,7,0.00032
east,1,0.00005
easy,7,0.00032
eat,2,0.00009
ebook,13,0.00060
ebooks,7,0.00032
eclipse,1,0.00005
edinburgh,9,0.00041
edition,1,0.00005
editions,4,0.00018
educated,1,0.00005
educational,1,0.00005
effect,8,0.00037
effected,1,0.00005
effects,2,0.00009
effort,4,0.00018
efforts,3,0.00014
eight,4,0.00018
ein,1,0.00005
either,29,0.00133
elapse,1,0.00005
elapsed,1,0.00005
elect,1,0.00005
elected,1,0.00005
electric,1,0.00005
electronic,27,0.00124
electronically,2,0.00009
element,3,0.00014
elementary,1,0.00005
elements,1,0.00005
elicited,4,0.00018
else,20,0.00092
elsewhere,1,0.00005
elucidation,1,0.00005
email,2,0.00009
embark,1,0.00005
embracing,1,0.00005
emerged,1,0.00005
emerges,1,0.00005
eminently,1,0.00005
emitted,1,0.00005
emitting,1,0.00005
emotion,2,0.00009
emperor,2,0.00009
emphasized,1,0.00005
emphatically,1,0.00005
empire,5,0.00023
empirical,15,0.00069
empiricists,8,0.00037
employ,2,0.00009
employed,4,0.00018
employee,1,0.00005
employees,1,0.00005
employs,1,0.00005
empty,3,0.00014
enable,5,0.00023
enables,6,0.00028
enabling,2,0.00009
end,11,0.00051
endeavour,3,0.00014
endeavoured,2,0.00009
ends,2,0.00009
enemy,2,0.00009
engagement,1,0.00005
engendered,1,0.00005
england,1,0.00005
english,1,0.00005
enlarge,3,0.00014
enlarged,1,0.00005
enlargement,4,0.00018
enlarges,1,0.00005
enormously,1,0.00005
enough,6,0.00028
enrich,1,0.00005
ensures,2,0.00009
ensuring,1,0.00005
entails,1,0.00005
entangled,1,0.00005
enter,1,0.00005
entertain,3,0.00014
entertained,2,0.00009
entertaining,1,0.00005
entirely,6,0.00028
entities,8,0.00037
entity,6,0.00028
enumerated,1,0.00005
enumeration,1,0.00005
enunciated,1,0.00005
equal,1,0.00005
equally,10,0.00046
equipment,3,0.00014
equivocation,1,0.00005
ergo,1,0.00005
erroneous,11,0.00051
error,16,0.00074
errors,2,0.00009
escape,4,0.00018
especially,3,0.00014
essence,7,0.00032
essential,7,0.00032
essentially,8,0.00037
establish,4,0.00018
established,2,0.00009
estimated,1,0.00005
etc,6,0.00028
eternal,1,0.00005
eternally,1,0.00005
ethical,4,0.00018
ethics,2,0.00009
euclid's,1,0.00005
euclidean,2,0.00009
europe,1,0.00005
even,47,0.00216
event,3,0.00014
events,4,0.00018
ever,17,0.00078
every,17,0.00078
everyday,1,0.00005
everything,18,0.00083
evidence,42,0.00193
evident,37,0.00170
evident_,2,0.00009
evil,5,0.00023
exact,1,0.00005
exactly,6,0.00028
examination,4,0.00018
examine,8,0.00037
examined,5,0.00023
examines,1,0.00005
examining,3,0.00014
example,43,0.00198
examples,2,0.00009
exceedingly,1,0.00005
except,26,0.00120
exceptional,2,0.00009
exceptions,9,0.00041
excluded,2,0.00009
excluding,1,0.00005
exclusion,1,0.00005
exclusive,2,0.00009
exclusively,6,0.00028
exemplified,3,0.00014
exemplify,1,0.00005
exempt,2,0.00009
exist,54,0.00248
existed,5,0.00023
existence,55,0.00253
existent,1,0.00005
existing,9,0.00041
exists,33,0.00152
expect,6,0.00028
expectation,2,0.00009
expectations,12,0.00055
expecting,4,0.00018
expend,1,0.00005
expense,1,0.00005
expenses,2,0.00009
experience,80,0.00368
experienced,10,0.00046
experiences,15,0.00069
explained,3,0.00014
explaining,3,0.00014
explanation,2,0.00009
explicitly,1,0.00005
explored,1,0.00005
exploring,1,0.00005
exponents,1,0.00005
exporting,1,0.00005
express,5,0.00023
expressed,2,0.00009
expressing,2,0.00009
expression,2,0.00009
expressions,1,0.00005
extend,1,0.00005
extends,1,0.00005
extension,3,0.00014
extensive,1,0.00005
extent,7,0.00032
external,2,0.00009
extrinsic,1,0.00005
eye,9,0.00041
eyes,6,0.00028
f,11,0.00051
fabric,1,0.00005
face,1,0.00005
facility,1,0.00005
fact,108,0.00497
fact_,1,0.00005
facts,19,0.00087
faculty,1,0.00005
fail,2,0.00009
failed,2,0.00009
failing,1,0.00005
fails,3,0.00014
failure,4,0.00018
fainter,1,0.00005
faintness,1,0.00005
fairly,4,0.00018
fall,4,0.00018
fallacies,1,0.00005
fallacious,6,0.00028
fallacy,1,0.00005
fallible,1,0.00005
falls,1,0.00005
false,27,0.00124
falsehood,28,0.00129
falsehoods,2,0.00009
falsely,4,0.00018
falsified,1,0.00005
familiar,6,0.00028
familiarity,2,0.00009
family,1,0.00005
fancy,1,0.00005
far,27,0.00124
farther,1,0.00005
fast,1,0.00005
fatal,1,0.00005
favour,8,0.00037
favouritism,1,0.00005
fear,1,0.00005
fears,2,0.00009
features,1,0.00005
fed,1,0.00005
federal,2,0.00009
fee,8,0.00037
feeds,1,0.00005
feel,15,0.00069
feeling,5,0.00023
feelings,10,0.00046
feels,2,0.00009
fees,4,0.00018
felt,2,0.00009
fetters,1,0.00005
feverish,1,0.00005
figure,2,0.00009
file,1,0.00005
files,1,0.00005
finally,3,0.00014
financial,1,0.00005
find,39,0.00179
finding,6,0.00028
finds,4,0.00018
fine,1,0.00005
finite,3,0.00014
firm,2,0.00009
firmly,4,0.00018
first,58,0.00267
fit,3,0.00014
fitness,1,0.00005
five,3,0.00014
fix,1,0.00005
fixed,1,0.00005
flash,1,0.00005
fleeting,2,0.00009
foes,1,0.00005
follow,7,0.00032
followed,1,0.00005
following,12,0.00055
follows,22,0.00101
food,9,0.00041
foolish,1,0.00005
football,1,0.00005
force,1,0.00005
forced,4,0.00018
forces,1,0.00005
forget,1,0.00005
forgetting,1,0.00005
forgo,1,0.00005
forgotten,1,0.00005
forks,1,0.00005
form,36,0.00166
formal,1,0.00005
formally,1,0.00005
format,4,0.00018
formats,1,0.00005
formed,3,0.00014
former,4,0.00018
formerly,8,0.00037
forms,5,0.00023
forth,9,0.00041
fortress,1,0.00005
fortuitous,1,0.00005
fortune,1,0.00005
forty,1,0.00005
forward,2,0.00009
forwards,1,0.00005
fostered,1,0.00005
found,31,0.00143
foundation,27,0.00124
founder,2,0.00009
four,43,0.00198
fourth,1,0.00005
fragment,1,0.00005
fragmentary,3,0.00014
fragments,1,0.00005
framework,1,0.00005
free,13,0.00060
freedom,4,0.00018
freely,5,0.00023
french,2,0.00009
frequent,2,0.00009
fresh,8,0.00037
friend,1,0.00005
friend's,2,0.00009
friends,2,0.00009
frightened,1,0.00005
front,1,0.00005
fulfil,2,0.00009
fulfilled,5,0.00023
fulfilment,1,0.00005
fulfils,1,0.00005
full,15,0.00069
fully,6,0.00028
function,2,0.00009
fundamental,7,0.00032
future,26,0.00120
futures,6,0.00028
g,4,0.00018
gain,1,0.00005
garrison,1,0.00005
general,72,0.00331
generality,1,0.00005
generalization,5,0.00023
generalizations,6,0.00028
generally,17,0.00078
generations,2,0.00009
genuine,2,0.00009
genuinely,1,0.00005
geography,1,0.00005
geology,1,0.00005
geometry,5,0.00023
georg,1,0.00005
george,1,0.00005
german,8,0.00037
germany,2,0.00009
get,7,0.00032
gets,2,0.00009
getting,1,0.00005
ghost,3,0.00014
gilbert,1,0.00005
give,22,0.00101
given,33,0.00152
gives,18,0.00083
giving,11,0.00051
glance,1,0.00005
glasses,1,0.00005
globe,1,0.00005
go,11,0.00051
goals,1,0.00005
god,8,0.00037
god's,2,0.00009
goes,8,0.00037
going,2,0.00009
gone,1,0.00005
good,18,0.00083
goods,6,0.00028
goodwill,1,0.00005
gordon,1,0.00005
govern,2,0.00009
gradation,5,0.00023
gradations,1,0.00005
gradually,4,0.00018
grain,1,0.00005
granted,6,0.00028
grapple,1,0.00005
grasp,1,0.00005
gratefully,1,0.00005
gratuitous,1,0.00005
gravely,1,0.00005
gravitation,6,0.00028
great,28,0.00129
greater,16,0.00074
greatest,4,0.00018
greatly,2,0.00009
greatness,5,0.00023
greek,2,0.00009
greeks,1,0.00005
green,6,0.00028
greens,1,0.00005
greeny,1,0.00005
gross,3,0.00014
ground,10,0.00046
groundless,1,0.00005
grounds,11,0.00051
group,1,0.00005
grow,1,0.00005
growing,1,0.00005
grown,2,0.00009
growth,2,0.00009
guarantee,6,0.00028
guard,2,0.00009
guarded,1,0.00005
guide,1,0.00005
gutenberg,97,0.00446
gutenberg's,1,0.00005
habit,6,0.00028
habits,1,0.00005
habitual,1,0.00005
habitually,1,0.00005
hair,1,0.00005
half,3,0.00014
hallucinations,2,0.00009
halved,2,0.00009
halves,1,0.00005
hand,7,0.00032
handbooks,1,0.00005
happen,8,0.00037
happened,6,0.00028
happens,5,0.00023
happiness,1,0.00005
hard,9,0.00041
hardly,6,0.00028
hardness,6,0.00028
hardnesses,1,0.00005
harm,1,0.00005
harmless,1,0.00005
harmonious,3,0.00014
harmonize,2,0.00009
harmony,1,0.00005
hart,1,0.00005
hates,1,0.00005
hatred,1,0.00005
hatreds,1,0.00005
head,5,0.00023
hear,10,0.00046
heard,4,0.00018
hearing,4,0.00018
hears,2,0.00009
heartbeats,1,0.00005
heat,2,0.00009
heaven,1,0.00005
heavens,1,0.00005
hegel,7,0.00032
hegel's,1,0.00005
held,17,0.00078
help,8,0.00037
helpful,1,0.00005
hence,45,0.00207
henry,1,0.00005
heretofore,1,0.00005
hesitatingly,1,0.00005
hides,1,0.00005
hierarchy,2,0.00009
high,1,0.00005
higher,1,0.00005
highest,6,0.00028
highly,4,0.00018
hills,1,0.00005
hinder,1,0.00005
historian,1,0.00005
historic,1,0.00005
historical,2,0.00009
historically,1,0.00005
history,3,0.00014
hitherto,8,0.00037
hold,11,0.00051
holder,4,0.00018
holds,5,0.00023
home,1,0.00005
honour,1,0.00005
hoofs,1,0.00005
hooks,2,0.00009
hope,10,0.00046
hoped,1,0.00005
hopeless,1,0.00005
hopes,3,0.00014
horrors,1,0.00005
horse,2,0.00009
host,1,0.00005
hostile,2,0.00009
hot,1,0.00005
hour,2,0.00009
house,3,0.00014
houses,2,0.00009
however,38,0.00175
human,15,0.00069
hume,7,0.00032
hume's,1,0.00005
hundred,1,0.00005
hundreds,1,0.00005
hunger,3,0.00014
hungry,2,0.00009
hylas,3,0.00014
hypertext,1,0.00005
hypotheses,7,0.00032
hypothesis,5,0.00023
hypothetical,3,0.00014
i's,2,0.00009
idea,31,0.00143
idealism,6,0.00028
idealists,5,0.00023
ideas,37,0.00170
identical,5,0.00023
identification,1,0.00005
identify,2,0.00009
identity_,1,0.00005
ides,1,0.00005
ignorance,1,0.00005
ignorant,1,0.00005
ignored,2,0.00009
ii,1,0.00005
iii,1,0.00005
illumination,1,0.00005
illusoriness,1,0.00005
illusory,1,0.00005
illustrated,1,0.00005
illustrates,2,0.00009
illustration,6,0.00028
illustrations,1,0.00005
image,8,0.00037
imagination,7,0.00032
imagine,6,0.00028
imagined,2,0.00009
imagining,2,0.00009
immanuel,1,0.00005
immediate,21,0.00097
immediately,23,0.00106
immutable,1,0.00005
impaired,1,0.00005
impairs,1,0.00005
impartial,1,0.00005
impartiality,3,0.00014
impartially,1,0.00005
impenetrable,1,0.00005
imperceptible,2,0.00009
impersonal,1,0.00005
implied,6,0.00028
implies,3,0.00014
imply,2,0.00009
importance,18,0.00083
important,27,0.00124
impose,1,0.00005
imposed,2,0.00009
impossibility,5,0.00023
impossible,15,0.00069
impression,1,0.00005
imprisoned,1,0.00005
improbable,3,0.00014
inaccurate,1,0.00005
inadequate,2,0.00009
incapable,8,0.00037
incidental,1,0.00005
inclination,1,0.00005
inclined,2,0.00009
include,3,0.00014
included,10,0.00046
includes,1,0.00005
including,9,0.00041
incoherent,2,0.00009
incompatible,1,0.00005
incomplete,9,0.00041
incompleteness,3,0.00014
inconceivable,2,0.00009
inconsistencies,1,0.00005
inconsistency,1,0.00005
inconsistent,2,0.00009
increase,1,0.00005
increased,3,0.00014
increases,2,0.00009
increasing,1,0.00005
incredulous,1,0.00005
indeed,3,0.00014
indefinite,2,0.00009
indefinitely,1,0.00005
indemnify,1,0.00005
indemnity,1,0.00005
independence,1,0.00005
independent,19,0.00087
independently,10,0.00046
indestructible,1,0.00005
indicate,2,0.00009
indicated,1,0.00005
indicating,1,0.00005
indifferent,2,0.00009
indirect,1,0.00005
indirectly,2,0.00009
individual,6,0.00028
individually,2,0.00009
indubitable,5,0.00023
induction,15,0.00069
induction_,1,0.00005
inductive,19,0.00087
inevitable,1,0.00005
inexplicable,1,0.00005
infallibility,1,0.00005
infallible,3,0.00014
infancy,1,0.00005
infected,1,0.00005
infer,5,0.00023
inference,15,0.00069
inferences,5,0.00023
inferred,10,0.00046
inferring,1,0.00005
infinite,9,0.00041
infinitely,3,0.00014
infinitesimal,1,0.00005
infinitum_,1,0.00005
infinity,2,0.00009
inflected,1,0.00005
inflections,1,0.00005
influence,1,0.00005
information,9,0.00041
infringed,1,0.00005
infringement,1,0.00005
inhabitants,1,0.00005
inhabited,1,0.00005
inherent,1,0.00005
innate,4,0.00018
inner,2,0.00009
innocent,1,0.00005
innumerable,4,0.00018
inoperative,1,0.00005
inquire,1,0.00005
inquired,1,0.00005
inquiry,4,0.00018
insistence,2,0.00009
insistent,1,0.00005
insoluble,1,0.00005
inspiration,1,0.00005
instance,34,0.00156
instances,22,0.00101
instants,1,0.00005
instead,6,0.00028
instinctive,11,0.00051
instinctively,3,0.00014
instincts,1,0.00005
instrument,1,0.00005
insubstantial,1,0.00005
integers,6,0.00028
intellect,5,0.00023
intellectual,3,0.00014
intelligent,1,0.00005
intended,1,0.00005
intently,1,0.00005
interact,1,0.00005
interaction,2,0.00009
interest,7,0.00032
interesting,9,0.00041
interests,5,0.00023
interfere,2,0.00009
interferes,1,0.00005
intermediary,1,0.00005
intermediate,2,0.00009
internal,2,0.00009
international,1,0.00005
interpret,1,0.00005
interpretation,2,0.00009
interpreted,1,0.00005
interrelation,1,0.00005
interrupted,1,0.00005
intervening,2,0.00009
intrinsic,9,0.00041
intrinsically,4,0.00018
introduce,1,0.00005
introspection,2,0.00009
intuitive,21,0.00097
intuitively,1,0.00005
invalidity,1,0.00005
invent,2,0.00009
invented,1,0.00005
inventing,1,0.00005
invention,1,0.00005
inventions,1,0.00005
investigation,2,0.00009
investigations,1,0.00005
invites,1,0.00005
involve,15,0.00069
involved,19,0.00087
involves,8,0.00037
involving,6,0.00028
iron,5,0.00023
irrefutable,1,0.00005
irrelevant,5,0.00023
irs,1,0.00005
isolated,2,0.00009
isolation,1,0.00005
issue,2,0.00009
itself'1,1,0.00005
iv,3,0.00014
ix,2,0.00009
j,1,0.00005
joint,1,0.00005
jones,7,0.00032
judge,12,0.00055
judged,2,0.00009
judgement,40,0.00184
judgements,23,0.00106
judges,5,0.00023
judging,11,0.00051
julius,4,0.00018
june,1,0.00005
justice,4,0.00018
justification,3,0.00014
justified,4,0.00018
justify,3,0.00014
justly,1,0.00005
kant,19,0.00087
kant's,6,0.00028
kantian,1,0.00005
keener,1,0.00005
keep,5,0.00023
keeping,2,0.00009
keeps,1,0.00005
keynes,1,0.00005
killed,1,0.00005
kind,45,0.00207
kinds,11,0.00051
king,3,0.00014
king's,1,0.00005
knew,4,0.00018
knits,1,0.00005
knitting,2,0.00009
knives,1,0.00005
know,162,0.00745
knowable,1,0.00005
knowing,14,0.00064
knowledge,306,0.01407
known,89,0.00409
knows,3,0.00014
knuckles,2,0.00009
königsberg,1,0.00005
labours,2,0.00009
laid,2,0.00009
lake,1,0.00005
language,3,0.00014
lapse,1,0.00005
large,5,0.00023
largely,6,0.00028
larger,1,0.00005
last,18,0.00083
late,6,0.00028
later,8,0.00037
latin,1,0.00005
latter,4,0.00018
launched,1,0.00005
law,53,0.00244
laws,33,0.00152
lay,1,0.00005
lead,3,0.00014
leads,2,0.00009
learn,7,0.00032
learning,3,0.00014
learnt,1,0.00005
least,28,0.00129
leaves,4,0.00018
leaving,2,0.00009
led,14,0.00064
left,9,0.00041
legal,2,0.00009
legally,1,0.00005
legitimately,1,0.00005
leibniz,8,0.00037
length,1,0.00005
less,47,0.00216
let,16,0.00074
letters,4,0.00018
level,1,0.00005
liability,3,0.00014
liable,5,0.00023
liberating,1,0.00005
liberation,1,0.00005
liberator,1,0.00005
liberty,1,0.00005
library,2,0.00009
license,18,0.00083
licensed,1,0.00005
lies,1,0.00005
lieu,2,0.00009
life,32,0.00147
light,23,0.00106
lightning,5,0.00023
like,40,0.00184
likelihood,2,0.00009
likely,5,0.00023
limit,3,0.00014
limitation,4,0.00018
limitations,1,0.00005
limited,9,0.00041
limiting,1,0.00005
limits,5,0.00023
line,7,0.00032
linked,1,0.00005
links,3,0.00014
lips,1,0.00005
listen,2,0.00009
literary,13,0.00060
little,3,0.00014
live,1,0.00005
lived,3,0.00014
lives,2,0.00009
living,4,0.00018
located,7,0.00032
locations,1,0.00005
locke,1,0.00005
logic,30,0.00138
logical,23,0.00106
logically,11,0.00051
logician,1,0.00005
london,11,0.00051
long,19,0.00087
longer,5,0.00023
longest,1,0.00005
look,18,0.00083
looked,1,0.00005
looking,5,0.00023
looks,5,0.00023
loose,1,0.00005
loosen,1,0.00005
lot,1,0.00005
loud,1,0.00005
love,11,0.00051
loves,18,0.00083
loving,7,0.00032
lower,2,0.00009
lowest,1,0.00005
luck,2,0.00009
luminously,1,0.00005
lying,1,0.00005
machine,1,0.00005
made,19,0.00087
magnifies,1,0.00005
mail,1,0.00005
main,7,0.00032
mainly,2,0.00009
maintain,1,0.00005
maintained,7,0.00032
maintaining,1,0.00005
majority,1,0.00005
make,53,0.00244
makes,21,0.00097
making,5,0.00023
man,52,0.00239
man's,11,0.00051
manager,1,0.00005
mankind,2,0.00009
manner,5,0.00023
many,62,0.00285
map,2,0.00009
march,1,0.00005
marching,1,0.00005
mark,2,0.00009
marked,2,0.00009
marriage,1,0.00005
mask,5,0.00023
mass,2,0.00009
match,1,0.00005
material,5,0.00023
mathematical,4,0.00018
mathematician,3,0.00014
mathematicians,3,0.00014
mathematics,7,0.00032
mathematics_,1,0.00005
matter,46,0.00212
matters,6,0.00028
maximum,1,0.00005
may,172,0.00791
meal,2,0.00009
mean,25,0.00115
meaning,11,0.00051
meanings,1,0.00005
means,36,0.00166
meant,9,0.00041
measure,3,0.00014
medium,8,0.00037
meet,3,0.00014
melt,1,0.00005
memories,2,0.00009
memory,23,0.00106
men,36,0.00166
men's,1,0.00005
mental,35,0.00161
mention,1,0.00005
merchantability,1,0.00005
mercilessly,1,0.00005
mere,18,0.00083
merely,32,0.00147
merest,1,0.00005
merges,1,0.00005
merit,2,0.00009
merits,1,0.00005
met,3,0.00014
metaphorically,1,0.00005
metaphysic_,1,0.00005
metaphysical,4,0.00018
metaphysician,2,0.00009
metaphysicians,2,0.00009
metaphysics,4,0.00018
method,7,0.00032
methodical,2,0.00009
methods,2,0.00009
michael,1,0.00005
microscope,4,0.00018
middle,1,0.00005
middle_,1,0.00005
midst,1,0.00005
might,37,0.00170
miles,1,0.00005
million,1,0.00005
mind,85,0.00391
mind's,2,0.00009
minds,50,0.00230
mineralogist,1,0.00005
minister,3,0.00014
minister's,3,0.00014
minor,1,0.00005
minute,2,0.00009
minutes,4,0.00018
miracle,1,0.00005
misery,1,0.00005
misleading,6,0.00028
misleadingness,1,0.00005
mission,4,0.00018
mississippi,1,0.00005
mistake,1,0.00005
mistaken,4,0.00018
mistakes,1,0.00005
misunderstanding,1,0.00005
mitigate,1,0.00005
mode,1,0.00005
modern,6,0.00028
modest,2,0.00009
modification,1,0.00005
modifications,1,0.00005
modified,2,0.00009
modify,1,0.00005
moment,14,0.00064
momentary,1,0.00005
moments,2,0.00009
monadology_,1,0.00005
money,3,0.00014
month,1,0.00005
moon,2,0.00009
moore,1,0.00005
moreover,6,0.00028
morning,2,0.00009
morrow,11,0.00051
mortal,19,0.00087
mortality,1,0.00005
mortals,2,0.00009
motion,18,0.00083
motions,6,0.00028
move,2,0.00009
moved,1,0.00005
movements,1,0.00005
mr,4,0.00018
much,32,0.00147
multiplication,1,0.00005
multiplicity,1,0.00005
multiplied,3,0.00014
murray,1,0.00005
musical,1,0.00005
must,169,0.00777
mutually,1,0.00005
mysterious,3,0.00014
mystic,1,0.00005
mystical,1,0.00005
mysticism,1,0.00005
n,1,0.00005
naked,3,0.00014
name,18,0.00083
named,4,0.00018
namely,22,0.00101
names,3,0.00014
narrow,6,0.00028
nation,1,0.00005
native,1,0.00005
natural,14,0.00064
naturally,9,0.00041
nature,58,0.00267
naval,2,0.00009
near,3,0.00014
nearer,5,0.00023
nearest,1,0.00005
nearly,6,0.00028
nearness,1,0.00005
necessarily,6,0.00028
necessary,24,0.00110
necessity,7,0.00032
neck,3,0.00014
need,8,0.00037
needed,3,0.00014
needs,1,0.00005
negative,2,0.00009
neglect,2,0.00009
neglecting,1,0.00005
negligence,1,0.00005
negligible,1,0.00005
neither,9,0.00041
nerves,2,0.00009
network,1,0.00005
neutral,4,0.00018
never,39,0.00179
nevertheless,9,0.00041
new,10,0.00046
newness,1,0.00005
news,1,0.00005
newsletter,1,0.00005
newspaper,3,0.00014
newspapers,1,0.00005
newton's,1,0.00005
next,19,0.00087
night,2,0.00009
ninety,1,0.00005
nobody,1,0.00005
noise,4,0.00018
noises,1,0.00005
nominative,1,0.00005
non,5,0.00023
none,3,0.00014
nonproprietary,1,0.00005
nook,1,0.00005
normal,4,0.00018
north,11,0.00051
notably,2,0.00009
note,1,0.00005
noted,4,0.00018
noteworthy,1,0.00005
nothing,34,0.00156
notice,5,0.00023
noticed,2,0.00009
noticing,1,0.00005
notifies,1,0.00005
notion,3,0.00014
notions,1,0.00005
notoriously,2,0.00009
nouns,1,0.00005
nourishing,2,0.00009
novelist,1,0.00005
nowadays,1,0.00005
nowhen,1,0.00005
nowhere,1,0.00005
number,21,0.00097
numbers,2,0.00009
numerous,1,0.00005
object,105,0.00483
objection,4,0.00018
objectionable,1,0.00005
objections,5,0.00023
objective,1,0.00005
objects,95,0.00437
oblivious,1,0.00005
oblong,2,0.00009
obscure,1,0.00005
observation,3,0.00014
observe,1,0.00005
observed,6,0.00028
observing,1,0.00005
obsolete,1,0.00005
obstacle,1,0.00005
obstacles,1,0.00005
obstinate,1,0.00005
obtain,8,0.00037
obtained,12,0.00055
obtaining,3,0.00014
obtuse,1,0.00005
obvious,10,0.00046
obviously,16,0.00074
obviousness,2,0.00009
occasion,2,0.00009
occupant,1,0.00005
occupied,3,0.00014
occupies,2,0.00009
occupy,5,0.00023
occupying,1,0.00005
occur,7,0.00032
occurred,2,0.00009
occurrence,4,0.00018
occurring,2,0.00009
occurs,4,0.00018
odd,1,0.00005
offers,3,0.00014
office,1,0.00005
official,3,0.00014
often,25,0.00115
oftener,1,0.00005
old,4,0.00018
omission,1,0.00005
one,156,0.00717
ones,1,0.00005
oneself,1,0.00005
online,4,0.00018
opaque,1,0.00005
open,5,0.00023
opening,1,0.00005
operated,1,0.00005
operation,5,0.00023
operative,1,0.00005
opinion,14,0.00064
opinion_,1,0.00005
opinions,3,0.00014
opportunities,1,0.00005
opportunity,1,0.00005
opposed,14,0.00064
opposing,2,0.00009
opposite,10,0.00046
opposites,1,0.00005
opposition,3,0.00014
orator,1,0.00005
order,37,0.00170
orderly,1,0.00005
orders,1,0.00005
ordinary,7,0.00032
ordnance,1,0.00005
org,9,0.00041
organism,2,0.00009
organization,2,0.00009
organized,1,0.00005
organizing,1,0.00005
organs,3,0.00014
origin,1,0.00005
original,2,0.00009
originally,1,0.00005
originator,1,0.00005
othello,18,0.00083
othello's,2,0.00009
others,15,0.00069
otherwise,9,0.00041
ought,9,0.00041
outcome,1,0.00005
outdated,1,0.00005
outer,8,0.00037
outline,2,0.00009
outlines,1,0.00005
outside,15,0.00069
outward,1,0.00005
oval,1,0.00005
overlooked,2,0.00009
owed,1,0.00005
owing,5,0.00023
owner,4,0.00018
owns,2,0.00009
page,5,0.00023
pages,2,0.00009
paid,6,0.00028
pain,2,0.00009
painfully,1,0.00005
painter,3,0.00014
pair,3,0.00014
pairs,4,0.00018
pale,2,0.00009
palpable,1,0.00005
paper,2,0.00009
papers,1,0.00005
paperwork,1,0.00005
paradoxes,1,0.00005
paradoxical,1,0.00005
paragraph,11,0.00051
paragraphs,3,0.00014
parallel,2,0.00009
part,31,0.00143
partake,2,0.00009
partial,3,0.00014
partially,1,0.00005
participate,2,0.00009
participation,2,0.00009
particular,74,0.00340
particularity,2,0.00009
particularly,2,0.00009
particulars,26,0.00120
partly,6,0.00028
parts,27,0.00124
party,1,0.00005
pass,10,0.00046
passage,1,0.00005
passes,1,0.00005
passing,2,0.00009
past,36,0.00166
patch,10,0.00046
patches,3,0.00014
pausing,1,0.00005
pay,1,0.00005
paying,3,0.00014
payments,3,0.00014
peace,1,0.00005
peculiar,1,0.00005
peculiarly,1,0.00005
people,38,0.00175
people's,8,0.00037
perceive,12,0.00055
perceived,8,0.00037
perceiving,3,0.00014
perception,12,0.00055
perceptions,6,0.00028
percipient,2,0.00009
perfect,3,0.00014
perfection,1,0.00005
perfectly,6,0.00028
perform,3,0.00014
performances,1,0.00005
performed,6,0.00028
performing,3,0.00014
perhaps,12,0.00055
periodic,1,0.00005
permanence,1,0.00005
permanent,7,0.00032
permission,6,0.00028
permitted,2,0.00009
perpendiculars,3,0.00014
perpetual,1,0.00005
persists,3,0.00014
person,33,0.00152
personal,4,0.00018
persons,1,0.00005
perspective,1,0.00005
persuade,2,0.00009
persuaded,1,0.00005
persuading,1,0.00005
perturbed,1,0.00005
pg,1,0.00005
pglaf,1,0.00005
phantasmagoria,1,0.00005
phenomena,9,0.00041
phenomenon,2,0.00009
philonous,2,0.00009
philonous_,1,0.00005
philosopher,10,0.00046
philosopher's,1,0.00005
philosophers,37,0.00170
philosophic,8,0.00037
philosophical,12,0.00055
philosophies,2,0.00009
philosophize,1,0.00005
philosophy,85,0.00391
phrase,9,0.00041
physical,101,0.00464
physics,1,0.00005
physiological,1,0.00005
physiology,1,0.00005
piece,10,0.00046
piecemeal,2,0.00009
pink,1,0.00005
place,16,0.00074
placed,3,0.00014
places,4,0.00018
placing,1,0.00005
plain,17,0.00078
plainly,4,0.00018
plan,2,0.00009
plane,1,0.00005
planet,1,0.00005
plato,8,0.00037
plato's,3,0.00014
plausibility,1,0.00005
playing,1,0.00005
please,3,0.00014
pleasure,2,0.00009
poet,2,0.00009
point,34,0.00156
pointed,1,0.00005
points,14,0.00064
poison,2,0.00009
poisonous,1,0.00005
position,8,0.00037
positions,4,0.00018
positive,4,0.00018
positively,1,0.00005
possess,1,0.00005
possessed,1,0.00005
possession,1,0.00005
possibilities,7,0.00032
possibility,9,0.00041
possible,57,0.00262
possibly,4,0.00018
posted,4,0.00018
poverty,1,0.00005
power,10,0.00046
powerful,2,0.00009
powerlessness,1,0.00005
powers,1,0.00005
practical,7,0.00032
practically,3,0.00014
practice,1,0.00005
practised,1,0.00005
pre,1,0.00005
preceded,2,0.00009
preceding,9,0.00041
precise,7,0.00032
precisely,1,0.00005
predicate,3,0.00014
preface,1,0.00005
prefer,4,0.00018
preferable,1,0.00005
prejudices,7,0.00032
preliminary,3,0.00014
premiss,6,0.00028
premisses,15,0.00069
prepare,2,0.00009
preparing,1,0.00005
prepositions,6,0.00028
preposterous,2,0.00009
prescribe,1,0.00005
presence,1,0.00005
present,31,0.00143
presented,1,0.00005
presenting,2,0.00009
presents,1,0.00005
preservation,1,0.00005
preserve,3,0.00014
press,3,0.00014
pressing,1,0.00005
pressure,1,0.00005
pressures,1,0.00005
presume,2,0.00009
presumption,1,0.00005
presupposed,1,0.00005
presupposes,3,0.00014
pretty,1,0.00005
prevent,1,0.00005
prevents,2,0.00009
previous,11,0.00051
previously,1,0.00005
primarily,3,0.00014
prime,6,0.00028
primitive,1,0.00005
principle,54,0.00248
principles,50,0.00230
print,4,0.00018
printed,3,0.00014
priori_,56,0.00258
prison,2,0.00009
privacy,2,0.00009
private,21,0.00097
probability,18,0.00083
probable,20,0.00092
probably,8,0.00037
problem,17,0.00078
problems,15,0.00069
proceed,7,0.00032
proceeded,1,0.00005
proceeds,1,0.00005
process,9,0.00041
processes,1,0.00005
processing,1,0.00005
produce,4,0.00018
produced,4,0.00018
produces,3,0.00014
producing,1,0.00005
product,6,0.00028
production,1,0.00005
products,1,0.00005
profess,1,0.00005
professor,2,0.00009
profit,2,0.00009
profitable,1,0.00005
profited,1,0.00005
profits,1,0.00005
profoundest,1,0.00005
progress,1,0.00005
progressively,1,0.00005
prohibition,1,0.00005
project,89,0.00409
prolonged,1,0.00005
prominently,4,0.00018
promote,1,0.00005
promoting,2,0.00009
promotion,1,0.00005
pronounce,1,0.00005
pronouns,2,0.00009
proof,10,0.00046
proofread,1,0.00005
proofs,2,0.00009
proper,5,0.00023
properly,2,0.00009
properties,16,0.00074
property,19,0.00087
proportion,2,0.00009
proposed,1,0.00005
proposition,61,0.00281
propositions,30,0.00138
proprietary,1,0.00005
protect,2,0.00009
protected,5,0.00023
prove,26,0.00120
proved,18,0.00083
provide,8,0.00037
provided,11,0.00051
providing,5,0.00023
proving,2,0.00009
provision,1,0.00005
provisionally,1,0.00005
provisions,1,0.00005
prudent,1,0.00005
prussia,1,0.00005
psychological,5,0.00023
psychologically,1,0.00005
psychology,1,0.00005
public,9,0.00041
punitive,1,0.00005
pure,11,0.00051
purely,6,0.00028
purpose,5,0.00023
purposes,2,0.00009
pursue,1,0.00005
pursuit,2,0.00009
pushed,1,0.00005
put,5,0.00023
puts,1,0.00005
puzzling,1,0.00005
qualities,6,0.00028
quality,11,0.00051
question,59,0.00271
questions,27,0.00124
quibbling,1,0.00005
quickly,1,0.00005
quite,32,0.00147
race,2,0.00009
radically,6,0.00028
raised,5,0.00023
raises,6,0.00028
range,1,0.00005
ranging,1,0.00005
rap,2,0.00009
rapping,1,0.00005
rash,2,0.00009
rate,10,0.00046
rather,17,0.00078
rational,2,0.00009
rationalist,1,0.00005
rationalists,9,0.00041
rationality,1,0.00005
ray,2,0.00009
reach,7,0.00032
reached,2,0.00009
reaches,3,0.00014
reaching,2,0.00009
read,6,0.00028
readable,2,0.00009
reader,2,0.00009
readers,1,0.00005
readily,2,0.00009
reading,4,0.00018
ready,2,0.00009
real,53,0.00244
reality,16,0.00074
realization,1,0.00005
realize,5,0.00023
realized,1,0.00005
realizes,2,0.00009
realizing,2,0.00009
really,50,0.00230
reappear,1,0.00005
reason,53,0.00244
reasonable,7,0.00032
reasonably,2,0.00009
reasoning,10,0.00046
reasons,19,0.00087
recall,2,0.00009
receipt,2,0.00009
receive,2,0.00009
received,6,0.00028
receiving,1,0.00005
recent,2,0.00009
recently,1,0.00005
recognized,2,0.00009
recognizes,1,0.00005
recombines,1,0.00005
recommended,2,0.00009
reconcile,1,0.00005
reconstructed,1,0.00005
recorded,1,0.00005
rectangular,3,0.00014
red,19,0.00087
redistribute,1,0.00005
redistributing,2,0.00009
redistribution,2,0.00009
reduce,1,0.00005
reduced,2,0.00009
reducible,1,0.00005
reference,6,0.00028
references,2,0.00009
refined,1,0.00005
reflect,5,0.00023
reflected,3,0.00014
reflecting,1,0.00005
reflection,10,0.00046
refund,10,0.00046
refutable,1,0.00005
refutation,2,0.00009
refuted,2,0.00009
regard,25,0.00115
regarded,12,0.00055
regarding,4,0.00018
regards,16,0.00074
regiment,2,0.00009
region,2,0.00009
registered,2,0.00009
regress,1,0.00005
regulating,1,0.00005
reign,3,0.00014
reject,6,0.00028
rejected,4,0.00018
rejecting,4,0.00018
rejection,1,0.00005
relate,1,0.00005
related,5,0.00023
relates,6,0.00028
relation,94,0.00432
relation_,1,0.00005
relational,1,0.00005
relations,44,0.00202
relative,4,0.00018
relatively,3,0.00014
release,1,0.00005
relevant,2,0.00009
reliable,1,0.00005
religion,1,0.00005
religious,2,0.00009
remain,12,0.00055
remaining,3,0.00014
remains,9,0.00041
remarkably,1,0.00005
remarks,1,0.00005
remedies,1,0.00005
remember,3,0.00014
remembered,9,0.00041
remembering,2,0.00009
remote,1,0.00005
remoter,1,0.00005
removal,1,0.00005
remove,2,0.00009
removed,4,0.00018
removes,1,0.00005
renamed,1,0.00005
render,2,0.00009
rendered,3,0.00014
renders,2,0.00009
renounce,1,0.00005
repeat,1,0.00005
repeated,2,0.00009
repeatedly,1,0.00005
repetition,1,0.00005
repetitions,2,0.00009
replace,3,0.00014
replaced,1,0.00005
replacement,5,0.00023
reported,1,0.00005
reports,1,0.00005
represent,1,0.00005
representations,1,0.00005
representative,1,0.00005
represented,6,0.00028
representing,1,0.00005
represents,2,0.00009
request,1,0.00005
require,6,0.00028
required,11,0.00051
requirements,4,0.00018
requires,5,0.00023
requiring,2,0.00009
requisites,3,0.00014
research,2,0.00009
resemblance,10,0.00046
resemblances,1,0.00005
resemble,6,0.00028
residue,1,0.00005
resists,2,0.00009
respect,4,0.00018
respectively,2,0.00009
rest,6,0.00028
restate,1,0.00005
resting,1,0.00005
restricted,1,0.00005
restrictions,2,0.00009
rests,4,0.00018
result,19,0.00087
resulting,2,0.00009
results,11,0.00051
retain,1,0.00005
retained,1,0.00005
retains,2,0.00009
retort,1,0.00005
return,8,0.00037
returning,1,0.00005
returns,1,0.00005
reveal,4,0.00018
revealed,1,0.00005
revenue,1,0.00005
reversed,1,0.00005
revert,1,0.00005
review,1,0.00005
revolution,1,0.00005
right,15,0.00069
rightly,3,0.00014
rigid,1,0.00005
rise,10,0.00046
risen,2,0.00009
rises,2,0.00009
risk,3,0.00014
rival,1,0.00005
road,5,0.00023
rob,1,0.00005
robbing,1,0.00005
robinson,6,0.00028
roman,1,0.00005
roof,1,0.00005
room,15,0.00069
rooted,1,0.00005
rose,4,0.00018
rotate,1,0.00005
rotating,1,0.00005
rotation,2,0.00009
roughly,2,0.00009
roughnesses,2,0.00009
round,6,0.00028
roundabout,1,0.00005
rounded,1,0.00005
rouse,1,0.00005
roused,1,0.00005
royalties,3,0.00014
royalty,3,0.00014
rudimentary,2,0.00009
ruins,2,0.00009
rule,4,0.00018
rules,3,0.00014
runs,1,0.00005
russell,3,0.00014
said,29,0.00133
sake,4,0.00018
salt,1,0.00005
samples,1,0.00005
satisfaction,1,0.00005
satisfactory,2,0.00009
satisfy,2,0.00009
satisfying,1,0.00005
save,1,0.00005
saw,12,0.00055
say,61,0.00281
saying,3,0.00014
says,12,0.00055
scaffold,1,0.00005
scarcely,6,0.00028
sceptic,1,0.00005
sceptical,1,0.00005
scepticism,4,0.00018
sceptics,1,0.00005
schoolmen,1,0.00005
schools,2,0.00009
science,31,0.00143
sciences,5,0.00023
scientific,8,0.00037
scope,8,0.00037
scrutiny,3,0.00014
sea,1,0.00005
search,4,0.00018
searches,1,0.00005
second,14,0.00064
secondly,2,0.00009
section,7,0.00032
sections,1,0.00005
secure,3,0.00014
secures,1,0.00005
see,98,0.00451
seeing,23,0.00106
seek,6,0.00028
seeks,2,0.00009
seem,43,0.00198
seemed,6,0.00028
seems,43,0.00198
seen,28,0.00129
sees,10,0.00046
seldom,1,0.00005
self,84,0.00386
selves,2,0.00009
send,1,0.00005
sending,1,0.00005
sensation,19,0.00087
sensations,20,0.00092
sense,234,0.01076
sense_,3,0.00014
senses,22,0.00101
sensible,3,0.00014
sent,1,0.00005
sentence,8,0.00037
separate,6,0.00028
separated,1,0.00005
sequel,1,0.00005
series,2,0.00009
serious,1,0.00005
serve,1,0.00005
service,2,0.00009
set,14,0.00064
sets,1,0.00005
setting,2,0.00009
seven,1,0.00005
seventeenth,1,0.00005
several,9,0.00041
severally,2,0.00009
severe,1,0.00005
shade,5,0.00023
shades,5,0.00023
shadow,1,0.00005
shall,67,0.00308
shape,24,0.00110
shapes,5,0.00023
share,5,0.00023
shared,2,0.00009
shares,2,0.00009
sharing,1,0.00005
sharp,1,0.00005
sheets,1,0.00005
shining,3,0.00014
shiny,1,0.00005
shock,1,0.00005
short,1,0.00005
shortly,1,0.00005
show,15,0.00069
showed,1,0.00005
showing,6,0.00028
shown,8,0.00037
shows,3,0.00014
shut,5,0.00023
side,3,0.00014
sides,2,0.00009
sight,16,0.00074
sign,4,0.00018
significantly,1,0.00005
signs,7,0.00032
similar,17,0.00078
similarity,2,0.00009
similarly,10,0.00046
simple,6,0.00028
simpler,3,0.00014
simplicity,2,0.00009
simplify,1,0.00005
simply,6,0.00028
simultaneous,2,0.00009
simultaneously,5,0.00023
since,42,0.00193
single,17,0.00078
singled,2,0.00009
singular,2,0.00009
sir,1,0.00005
sitting,4,0.00018
situated,1,0.00005
skeleton,1,0.00005
sleeping,1,0.00005
slight,4,0.00018
slightest,4,0.00018
slightly,4,0.00018
slowly,1,0.00005
small,7,0.00032
smallest,1,0.00005
smell,2,0.00009
smelling,1,0.00005
smells,1,0.00005
smith,6,0.00028
smooth,2,0.00009
smoothness,3,0.00014
sober,1,0.00005
society,1,0.00005
socrates,14,0.00064
solar,2,0.00009
sold,1,0.00005
sole,3,0.00014
solicit,2,0.00009
solicitation,1,0.00005
solid,1,0.00005
solution,3,0.00014
solve,1,0.00005
solves,1,0.00005
solving,1,0.00005
somebody,1,0.00005
somebody's,1,0.00005
something,78,0.00359
sometimes,10,0.00046
somewhat,6,0.00028
soon,14,0.00064
sooner,5,0.00023
sophistry,1,0.00005
sort,42,0.00193
sorts,5,0.00023
sought,4,0.00018
soul,1,0.00005
souls,2,0.00009
sound,8,0.00037
sounds,7,0.00032
sour,1,0.00005
source,8,0.00037
sources,3,0.00014
south,1,0.00005
space,74,0.00340
spaces,11,0.00051
spatial,3,0.00014
speak,9,0.00041
speaking,9,0.00041
special,7,0.00032
specially,1,0.00005
species,1,0.00005
specified,3,0.00014
spectacles,1,0.00005
spectator,3,0.00014
speculation,3,0.00014
speculative,1,0.00005
speech,1,0.00005
sphere,2,0.00009
spinoza,3,0.00014
spiritual,3,0.00014
spite,11,0.00051
splitting,1,0.00005
spoke,1,0.00005
spoken,4,0.00018
spoons,1,0.00005
sprang,1,0.00005
staff,1,0.00005
stage,4,0.00018
stages,1,0.00005
stand,7,0.00032
standing,2,0.00009
stands,6,0.00028
start,9,0.00041
started,1,0.00005
starting,2,0.00009
starts,1,0.00005
state,12,0.00055
stated,8,0.00037
statement,14,0.00064
statements,6,0.00028
states,25,0.00115
stating,2,0.00009
status,4,0.00018
step,1,0.00005
still,23,0.00106
stock,2,0.00009
stone,1,0.00005
stored,1,0.00005
stories,1,0.00005
straight,7,0.00032
straightforward,1,0.00005
strange,5,0.00023
strangeness,1,0.00005
stranger,1,0.00005
strangest,1,0.00005
strenuously,2,0.00009
strict,4,0.00018
strictly,7,0.00032
strife,2,0.00009
strike,1,0.00005
strikes,1,0.00005
striking,1,0.00005
strives,1,0.00005
striving,1,0.00005
strong,4,0.00018
stronger,2,0.00009
strongly,2,0.00009
struck,1,0.00005
structure,1,0.00005
struggling,1,0.00005
struldbugs,1,0.00005
student,2,0.00009
students,4,0.00018
studied,2,0.00009
studies,1,0.00005
study,12,0.00055
subject,25,0.00115
subjected,2,0.00009
subjective,3,0.00014
subjects,3,0.00014
sublime,1,0.00005
subscribe,1,0.00005
subsequent,1,0.00005
subsequently,1,0.00005
subsist,4,0.00018
subsistent,1,0.00005
subsists,2,0.00009
substance,2,0.00009
substantives,5,0.00023
subsumed,1,0.00005
subsumptions,1,0.00005
succeed,3,0.00014
success,1,0.00005
successful,3,0.00014
succession,2,0.00009
successively,1,0.00005
suddenly,2,0.00009
suffering,1,0.00005
suffice,4,0.00018
sufficed,1,0.00005
suffices,2,0.00009
sufficient,5,0.00023
sufficiently,1,0.00005
suggest,1,0.00005
suggested,4,0.00018
suggestion,1,0.00005
suggestions,1,0.00005
suggests,2,0.00009
suitable,2,0.00009
sum,3,0.00014
sum_,1,0.00005
sun,31,0.00143
sun's,1,0.00005
sunrise,3,0.00014
sunset,1,0.00005
supplied,1,0.00005
supplies,2,0.00009
supply,3,0.00014
support,8,0.00037
suppose,35,0.00161
supposed,22,0.00101
supposing,9,0.00041
supposition,4,0.00018
supra,1,0.00005
sure,12,0.00055
surface,2,0.00009
surprised,1,0.00005
surprising,3,0.00014
surrender,1,0.00005
surrounded,1,0.00005
survey,4,0.00018
surveys,1,0.00005
survive,1,0.00005
surviving,1,0.00005
suspect,2,0.00009
suspended,1,0.00005
swamp,1,0.00005
swans,4,0.00018
sweet,1,0.00005
swift,1,0.00005
synonymous,1,0.00005
synthesis,2,0.00009
synthetic,3,0.00014
system,13,0.00060
systematic,2,0.00009
systematize,1,0.00005
systems,2,0.00009
table,93,0.00428
tablecloth,1,0.00005
tables,2,0.00009
tactile,1,0.00005
take,23,0.00106
taken,8,0.00037
takes,2,0.00009
taking,6,0.00028
tap,1,0.00005
task,1,0.00005
taste,4,0.00018
tasting,1,0.00005
taught,1,0.00005
tautology,2,0.00009
tax,6,0.00028
taxes,1,0.00005
teaching,2,0.00009
telegram,1,0.00005
tell,8,0.00037
tells,8,0.00037
temper,1,0.00005
temperaments,1,0.00005
tempted,1,0.00005
ten,1,0.00005
tend,2,0.00009
tendency,2,0.00009
tending,1,0.00005
tends,2,0.00009
tenet,1,0.00005
term,1,0.00005
terms,56,0.00258
terms_,1,0.00005
test,8,0.00037
testimony,5,0.00023
texts,1,0.00005
texture,1,0.00005
thence,1,0.00005
theoretically,6,0.00028
theories,3,0.00014
theory,22,0.00101
thereby,1,0.00005
therefore,71,0.00327
theses,1,0.00005
thesis,1,0.00005
thing,73,0.00336
thing's,3,0.00014
things,167,0.00768
think,31,0.00143
thinking,11,0.00051
thinks,2,0.00009
third,3,0.00014
thoroughly,1,0.00005
though,51,0.00235
thought,46,0.00212
thoughts,19,0.00087
thraldom,1,0.00005
three,13,0.00060
throughout,2,0.00009
throw,1,0.00005
throws,1,0.00005
thunder,3,0.00014
thus,146,0.00671
thwarting,1,0.00005
time,67,0.00308
timeless,1,0.00005
times,11,0.00051
tincture,1,0.00005
title,1,0.00005
together,17,0.00078
told,3,0.00014
tolerably,1,0.00005
tongue,1,0.00005
took,1,0.00005
toothache,1,0.00005
topics,1,0.00005
total,2,0.00009
touch,15,0.00069
touched,2,0.00009
touches,1,0.00005
touching,3,0.00014
towards,3,0.00014
trademark,14,0.00064
tradition,2,0.00009
traditional,1,0.00005
trains,1,0.00005
trammels,1,0.00005
transcribe,1,0.00005
transcription,1,0.00005
transfer,1,0.00005
transform,1,0.00005
transitory,1,0.00005
travel,3,0.00014
travelled,2,0.00009
travels,1,0.00005
treated,1,0.00005
treating,1,0.00005
treatment,1,0.00005
tree,22,0.00101
triangle,7,0.00032
triangles,5,0.00023
triangularity,1,0.00005
tries,1,0.00005
trifling,1,0.00005
trivial,4,0.00018
trotting,1,0.00005
trouble,1,0.00005
troubled,1,0.00005
troubles,1,0.00005
true,130,0.00598
truism,4,0.00018
truly,7,0.00032
trust,2,0.00009
trusted,1,0.00005
trustworthiness,5,0.00023
trustworthy,2,0.00009
truth,89,0.00409
truths,49,0.00225
try,6,0.00028
trying,1,0.00005
tuning,1,0.00005
turn,6,0.00028
turning,1,0.00005
turns,2,0.00009
twice,1,0.00005
two,149,0.00685
twos,2,0.00009
type,1,0.00005
types,1,0.00005
typical,1,0.00005
tyranny,1,0.00005
u,7,0.00032
ultimate,7,0.00032
ultimately,5,0.00023
unable,3,0.00014
unaccustomed,1,0.00005
unaffected,1,0.00005
unalloyed,2,0.00009
unattainable,1,0.00005
uncertain,1,0.00005
uncertainty,3,0.00014
unchangeable,2,0.00009
unchanged,1,0.00005
unchanging,1,0.00005
uncomfortable,1,0.00005
uncommon,1,0.00005
unconscious,1,0.00005
unconsciously,2,0.00009
undeniable,1,0.00005
undeniably,1,0.00005
underlie,1,0.00005
underlies,1,0.00005
underlying,2,0.00009
understand,21,0.00097
understanding_,1,0.00005
understood,6,0.00028
undertake,1,0.00005
undiminished,1,0.00005
undoubtedly,4,0.00018
undue,1,0.00005
unduly,3,0.00014
uneducated,1,0.00005
unenforceability,1,0.00005
unexamined,2,0.00009
unexpectedly,1,0.00005
unexperienced,1,0.00005
unfamiliar,2,0.00009
unhesitatingly,2,0.00009
uniform,2,0.00009
uniformities,3,0.00014
uniformity,4,0.00018
unimportant,1,0.00005
union,6,0.00028
unionist,4,0.00018
united,18,0.00083
unites,1,0.00005
uniting,1,0.00005
unity,12,0.00055
universal,30,0.00138
universality,2,0.00009
universals,59,0.00271
universals_,1,0.00005
universe,31,0.00143
university,1,0.00005
unknowable,3,0.00014
unknown,3,0.00014
unlearn,1,0.00005
unless,18,0.00083
unlike,2,0.00009
unlink,1,0.00005
unnecessary,2,0.00009
unnecessary1,1,0.00005
unplausible,1,0.00005
unprotected,1,0.00005
unpublished,1,0.00005
unreal,2,0.00009
unreality,2,0.00009
unreasonable,2,0.00009
unreflectingly,1,0.00005
unreflective,1,0.00005
unsafe,1,0.00005
unsolicited,1,0.00005
unsolved,1,0.00005
unsound,1,0.00005
unsupported,1,0.00005
unsuspected,1,0.00005
untrue,3,0.00014
unusual,1,0.00005
unwarrantable,1,0.00005
unwise,1,0.00005
updated,2,0.00009
upon,66,0.00304
upset,1,0.00005
upstairs,1,0.00005
urged,3,0.00014
urges,1,0.00005
us,152,0.00699
usage,1,0.00005
use,29,0.00133
used,16,0.00074
useful,11,0.00051
useless,3,0.00014
user,3,0.00014
using,8,0.00037
usual,3,0.00014
usually,10,0.00046
ut,1,0.00005
utility,3,0.00014
utter,2,0.00009
uttering,2,0.00009
utterly,2,0.00009
v,1,0.00005
vague,4,0.00018
vagueness,1,0.00005
vaguer,1,0.00005
vain,1,0.00005
valid,10,0.00046
validity,7,0.00032
validly,4,0.00018
valleys,1,0.00005
valuable,4,0.00018
value,21,0.00097
vanilla,2,0.00009
variable,1,0.00005
variations,1,0.00005
variety,1,0.00005
various,19,0.00087
variously,1,0.00005
vary,2,0.00009
varying,1,0.00005
vast,1,0.00005
veil,1,0.00005
verbs,7,0.00032
verification,1,0.00005
version,1,0.00005
vi,3,0.00014
view,52,0.00239
viewed,2,0.00009
viewing,1,0.00005
views,5,0.00023
vii,2,0.00009
viii,1,0.00005
vindicate,1,0.00005
violates,1,0.00005
violent,1,0.00005
virtue,5,0.00023
virtuous,1,0.00005
virus,1,0.00005
visit,2,0.00009
visual,2,0.00009
vital,2,0.00009
vitally,2,0.00009
vivid,2,0.00009
vividness,2,0.00009
voice,1,0.00005
voices,1,0.00005
void,1,0.00005
volume,1,0.00005
volunteer,1,0.00005
volunteers,5,0.00023
votes,3,0.00014
voyage,1,0.00005
waking,5,0.00023
walk,1,0.00005
walks,1,0.00005
walled,1,0.00005
walls,1,0.00005
want,5,0.00023
wants,1,0.00005
war,2,0.00009
warranties,3,0.00014
warrants,1,0.00005
warranty,2,0.00009
waste,1,0.00005
waterloo,1,0.00005
wave,10,0.00046
waves,6,0.00028
way,54,0.00248
ways,6,0.00028
wear,1,0.00005
wearing,1,0.00005
weather,1,0.00005
web,1,0.00005
website,4,0.00018
weight,1,0.00005
well,19,0.00087
went,3,0.00014
west,2,0.00009
whatever,40,0.00184
whatsoever,2,0.00009
whence,1,0.00005
whenever,7,0.00032
whereas,12,0.00055
wherever,2,0.00009
whether,44,0.00202
white,16,0.00074
whitehead,1,0.00005
whiteness,16,0.00074
whoever,1,0.00005
whole,41,0.00189
wholly,17,0.00078
whose,7,0.00032
wide,3,0.00014
widely,4,0.00018
wider,2,0.00009
widespread,2,0.00009
widest,4,0.00018
willing,1,0.00005
window,1,0.00005
wisdom,2,0.00009
wise,1,0.00005
wish,11,0.00051
wishes,5,0.00023
within,13,0.00060
without,46,0.00212
wonder,3,0.00014
wonderful,1,0.00005
wooden,1,0.00005
word,38,0.00175
words,14,0.00064
wore,1,0.00005
work,50,0.00230
worked,1,0.00005
working,1,0.00005
works,33,0.00152
world,80,0.00368
worlds,4,0.00018
worst,1,0.00005
worth,5,0.00023
worthy,2,0.00009
would,86,0.00396
wrings,1,0.00005
writers,1,0.00005
writing,5,0.00023
writings,2,0.00009
written,3,0.00014
wrong,6,0.00028
wrongly,3,0.00014
wrung,2,0.00009
www,9,0.00041
x,1,0.00005
xi,2,0.00009
xii,1,0.00005
xiii,1,0.00005
xiv,1,0.00005
xv,1,0.00005
years,3,0.00014
yes,2,0.00009
yesterday,4,0.00018
yet,31,0.00143
yield,1,0.00005
york,1,0.00005
